date,hour_jst,visits
2026-09-27,0,0
2026-09-27,1,0
2026-09-27,2,0
2026-09-27,3,0
2026-09-27,4,0
2026-09-27,5,0
2026-09-27,6,0
2026-09-27,7,0
2026-09-27,8,0
2026-09-27,9,2
2026-09-27,10,0
2026-09-27,11,3
2026-09-27,12,3
2026-09-27,13,2
2026-09-27,14,4
2026-09-27,15,3
2026-09-27,16,2
2026-09-27,17,2
2026-09-27,18,1
2026-09-27,19,1
2026-09-27,20,2
2026-09-27,21,2
2026-09-27,22,0
2026-09-27,23,1
2026-09-28,0,0
2026-09-28,1,0
2026-09-28,2,0
2026-09-28,3,0
2026-09-28,4,0
2026-09-28,5,1
2026-09-28,6,1
2026-09-28,7,0
2026-09-28,8,5
2026-09-28,9,8
2026-09-28,10,1
2026-09-28,11,2
2026-09-28,12,0
2026-09-28,13,3
2026-09-28,14,2
2026-09-28,15,2
2026-09-28,16,1
2026-09-28,17,3
2026-09-28,18,1
2026-09-28,19,0
2026-09-28,20,2
2026-09-28,21,2
2026-09-28,22,3
2026-09-28,23,0
2026-09-29,0,0
2026-09-29,1,0
2026-09-29,2,0
2026-09-29,3,0
2026-09-29,4,0
2026-09-29,5,0
2026-09-29,6,0
2026-09-29,7,1
2026-09-29,8,0
2026-09-29,9,1
2026-09-29,10,2
2026-09-29,11,6
2026-09-29,12,2
2026-09-29,13,0
2026-09-29,14,2
2026-09-29,15,1
2026-09-29,16,0
2026-09-29,17,1
2026-09-29,18,1
2026-09-29,19,1
2026-09-29,20,0
2026-09-29,21,0
2026-09-29,22,1
2026-09-29,23,2
