weekday,hour_jst,visits,observed_days,mean_visits
Mon,0,0,1,0.0000
Mon,1,0,1,0.0000
Mon,2,0,1,0.0000
Mon,3,0,1,0.0000
Mon,4,0,1,0.0000
Mon,5,1,1,1.0000
Mon,6,1,1,1.0000
Mon,7,0,1,0.0000
Mon,8,5,1,5.0000
Mon,9,8,1,8.0000
Mon,10,1,1,1.0000
Mon,11,2,1,2.0000
Mon,12,0,1,0.0000
Mon,13,3,1,3.0000
Mon,14,2,1,2.0000
Mon,15,2,1,2.0000
Mon,16,1,1,1.0000
Mon,17,3,1,3.0000
Mon,18,1,1,1.0000
Mon,19,0,1,0.0000
Mon,20,2,1,2.0000
Mon,21,2,1,2.0000
Mon,22,3,1,3.0000
Mon,23,0,1,0.0000
Tue,0,0,1,0.0000
Tue,1,0,1,0.0000
Tue,2,0,1,0.0000
Tue,3,0,1,0.0000
Tue,4,0,1,0.0000
Tue,5,0,1,0.0000
Tue,6,0,1,0.0000
Tue,7,1,1,1.0000
Tue,8,0,1,0.0000
Tue,9,1,1,1.0000
Tue,10,2,1,2.0000
Tue,11,6,1,6.0000
Tue,12,2,1,2.0000
Tue,13,0,1,0.0000
Tue,14,2,1,2.0000
Tue,15,1,1,1.0000
Tue,16,0,1,0.0000
Tue,17,1,1,1.0000
Tue,18,1,1,1.0000
Tue,19,1,1,1.0000
Tue,20,0,1,0.0000
Tue,21,0,1,0.0000
Tue,22,1,1,1.0000
Tue,23,2,1,2.0000
Wed,0,1,1,1.0000
Wed,1,0,1,0.0000
Wed,2,0,1,0.0000
Wed,3,1,1,1.0000
Wed,4,0,1,0.0000
Wed,5,0,1,0.0000
Wed,6,1,1,1.0000
Wed,7,2,1,2.0000
Wed,8,2,1,2.0000
Wed,9,8,1,8.0000
Wed,10,3,1,3.0000
Wed,11,2,1,2.0000
Wed,12,2,1,2.0000
Wed,13,0,1,0.0000
Wed,14,2,1,2.0000
Wed,15,0,1,0.0000
Wed,16,0,1,0.0000
Wed,17,1,1,1.0000
Wed,18,2,1,2.0000
Wed,19,1,1,1.0000
Wed,20,3,1,3.0000
Wed,21,1,1,1.0000
Wed,22,3,1,3.0000
Wed,23,1,1,1.0000
Thu,0,0,1,0.0000
Thu,1,0,1,0.0000
Thu,2,0,1,0.0000
Thu,3,0,1,0.0000
Thu,4,0,1,0.0000
Thu,5,0,1,0.0000
Thu,6,0,1,0.0000
Thu,7,0,1,0.0000
Thu,8,1,1,1.0000
Thu,9,6,1,6.0000
Thu,10,5,1,5.0000
Thu,11,7,1,7.0000
Thu,12,1,1,1.0000
Thu,13,4,1,4.0000
Thu,14,0,1,0.0000
Thu,15,1,1,1.0000
Thu,16,2,1,2.0000
Thu,17,1,1,1.0000
Thu,18,1,1,1.0000
Thu,19,1,1,1.0000
Thu,20,0,1,0.0000
Thu,21,1,1,1.0000
Thu,22,0,1,0.0000
Thu,23,1,1,1.0000
Fri,0,0,1,0.0000
Fri,1,2,1,2.0000
Fri,2,2,1,2.0000
Fri,3,0,1,0.0000
Fri,4,1,1,1.0000
Fri,5,0,1,0.0000
Fri,6,0,1,0.0000
Fri,7,0,1,0.0000
Fri,8,2,1,2.0000
Fri,9,2,1,2.0000
Fri,10,2,1,2.0000
Fri,11,10,1,10.0000
Fri,12,0,1,0.0000
Fri,13,2,1,2.0000
Fri,14,6,1,6.0000
Fri,15,2,1,2.0000
Fri,16,3,1,3.0000
Fri,17,4,1,4.0000
Fri,18,5,1,5.0000
Fri,19,2,1,2.0000
Fri,20,3,1,3.0000
Fri,21,5,1,5.0000
Fri,22,3,1,3.0000
Fri,23,3,1,3.0000
Sat,0,0,0,
Sat,1,0,0,
Sat,2,0,0,
Sat,3,0,0,
Sat,4,0,0,
Sat,5,0,0,
Sat,6,0,0,
Sat,7,0,0,
Sat,8,0,0,
Sat,9,0,0,
Sat,10,0,0,
Sat,11,0,0,
Sat,12,0,0,
Sat,13,0,0,
Sat,14,0,0,
Sat,15,0,0,
Sat,16,0,0,
Sat,17,0,0,
Sat,18,0,0,
Sat,19,0,0,
Sat,20,0,0,
Sat,21,0,0,
Sat,22,0,0,
Sat,23,0,0,
Sun,0,0,0,
Sun,1,0,0,
Sun,2,0,0,
Sun,3,0,0,
Sun,4,0,0,
Sun,5,0,0,
Sun,6,0,0,
Sun,7,0,0,
Sun,8,0,0,
Sun,9,0,0,
Sun,10,0,0,
Sun,11,0,0,
Sun,12,0,0,
Sun,13,0,0,
Sun,14,0,0,
Sun,15,0,0,
Sun,16,0,0,
Sun,17,0,0,
Sun,18,0,0,
Sun,19,0,0,
Sun,20,0,0,
Sun,21,0,0,
Sun,22,0,0,
Sun,23,0,0,
